Month,No. of Banks live on UPI,Volume (In Mn.),Value (In Cr.)
April-2016,21,0.0,0.0
May-2016,21,0.0,0.0
June-2016,21,0.0,0.0
July-2016,21,0.09,0.38
August-2016,21,0.09,3.09
September-2016,25,0.09,32.64
October-2016,26,0.1,48.57
November-2016,30,0.29,100.46
December-2016,35,1.99,707.93
January-2017,36,4.46,1696.22
February-2017,44,4.38,1937.71
March-2017,44,6.37,2425.14
April-2017,48,7.2,2271.24
May-2017,49,9.36,2797.07
June-2017,52,10.35,3098.36
July-2017,53,11.63,3411.35
August-2017,55,16.8,4156.62
September-2017,57,30.98,5325.81
October-2017,60,76.96,7057.78
November-2017,61,105.02,9669.33
December-2017,67,145.64,13174.24
January-2018,71,151.83,15571.2
February-2018,86,171.4,19126.2
March-2018,91,178.05,24172.6
April-2018,97,190.08,27021.85
May-2018,101,189.48,33288.51
June-2018,110,246.37,40834.03
July-2018,114,273.75,51843.14
August-2018,114,312.02,54212.26
September-2018,122,405.87,59835.36
October-2018,128,482.36,74978.27
November-2018,128,524.94,82232.21
December-2018,129,620.17,102594.82
January-2019,134,672.75,109932.43
February-2019,139,674.19,106737.12
March-2019,142,799.54,133460.72
April-2019,144,781.79,142034.39
May-2019,143,733.54,152449.29
June-2019,142,754.54,146566.35
July-2019,143,822.29,146386.64
August-2019,141,918.35,154504.89
September-2019,141,955.02,161456.56
October-2019,141,1148.36,191359.94
November-2019,143,1218.77,189229.09
December-2019,143,1308.4,202520.76
January-2020,144,1305.02,216242.97
February-2020,146,1325.69,222516.95
March-2020,148,1246.84,206462.31
April-2020,153,999.57,151140.66
May-2020,155,1234.5,218391.6
June-2020,155,1336.93,261835.0
July-2020,164,1497.36,290537.86
August-2020,168,1618.83,298307.61
September-2020,174,1800.14,329027.66
October-2020,189,2071.62,386106.74
November-2020,200,2210.23,390999.15
December-2020,207,2234.16,416176.21
January-2021,207,2302.73,431181.89
February-2021,213,2292.9,425062.76
March-2021,216,2731.68,504886.44
April-2021,220,2641.06,493663.68
May-2021,224,2539.57,490638.65
June-2021,229,2807.51,547373.17
July-2021,235,3247.82,606281.14
August-2021,249,3555.55,639116.95
September-2021,259,3654.3,654351.81
October-2021,261,4218.65,771444.98
November-2021,274,4186.48,768436.11
December-2021,282,4566.3,826848.22
January-2022,297,4617.15,831993.11
February-2022,304,4527.49,826843.0
March-2022,314,5405.65,960581.66
April-2022,316,5583.05,983302.27
May-2022,323,5955.2,1041520.07
June-2022,330,5862.75,1014384.31
July-2022,338,6288.4,1062991.76
August-2022,346,6579.63,1072792.68
September-2022,358,6780.8,1116438.1
October-2022,365,7305.42,1211582.51
November-2022,376,7309.45,1190593.39
December-2022,382,7829.49,1282055.01
January-2023,385,8036.89,1298726.62
February-2023,390,7534.76,1235846.62
March-2023,399,8685.3,1410443.01
April-2023,414,8863.26,1415504.71
May-2023,445,9415.19,1489145.44
June-2023,458,9335.06,1475464.26
July-2023,473,9964.61,1533536.44
August-2023,484,10586.02,1576536.56
September-2023,492,10555.69,1579133.18
October-2023,505,11408.79,1715768.34
November-2023,516,11235.29,1739740.61
December-2023,522,12020.23,1822949.42
January-2024,550,12203.02,1841083.97
February-2024,560,12102.67,1827869.35
March-2024,572,13440.0,1978353.23
April-2024,583,13303.99,1964464.52
May-2024,598,14035.84,2044937.05
June-2024,602,13885.14,2007081.2
July-2024,605,14435.55,2064292.41
August-2024,608,14963.05,2060735.57
September-2024,622,15041.75,2063994.71
October-2024,632,16584.97,2349821.46
November-2024,637,15482.02,2155187.4
December-2024,641,16730.01,2324699.91
January-2025,647,16996.0,2348037.12
February-2025,653,16106.19,2196481.69
March-2025,661,18301.51,2477221.61
April-2025,668,17893.42,2394925.87
May-2025,673,18677.46,2514297.01
June-2025,675,18395.01,2403930.69
July-2025,684,19467.95,2508498.09
August-2025,688,20008.31,2485472.91
September-2025,686,19633.43,2489736.54
October-2025,683,20700.92,2727790.68
November-2025,684,20466.98,2631632.63
December-2025,685,21634.67,2796712.73
January-2026,691,21703.44,2833481.22
February-2026,694,20394.18,2684229.29
March-2026,705,22641.11,2952542.05
